Workbook
Name _Hlk24994008: Datos!$B$43

Sheet Datos
B2: Cuadro 1
B3: Puebla: nacidos vivos y defunciones de menores de 1 año, 2009-2024
B5: Año | C5: Puebla
C6: Nacimientos | E6: Defunciones de menores de 1 año
C7: Hombres | D7: Mujeres | E7: Hombres | F7: Mujeres
B8: 2009 | C8: 77580 | D8: 78075 | E8: 1336 | F8: 1005
B9: 2010 | C9: 79466 | D9: 80970 | E9: 1286 | F9: 1006
B10: 2011 | C10: 72909 | D10: 73894 | E10: 1179 | F10: 1011
B11: 2012 | C11: 73535 | D11: 73746 | E11: 1170 | F11: 904
B12: 2013 | C12: 70764 | D12: 69733 | E12: 1102 | F12: 846
B13: 2014 | C13: 75955 | D13: 74676 | E13: 1008 | F13: 775
B14: 2015 | C14: 70819 | D14: 70302 | E14: 946 | F14: 796
B15: 2016 | C15: 67019 | D15: 65804 | E15: 955 | F15: 813
B16: 2017 | C16: 68838 | D16: 67433 | E16: 1044 | F16: 823
B17: 2018 | C17: 64788 | D17: 62907 | E17: 936 | F17: 736
B18: 2019 | C18: 62801 | D18: 61868 | E18: 937 | F18: 689
B19: 2020 | C19: 52865 | D19: 51363 | E19: 853 | F19: 633
... B23: 2024 | C23: 47984 | D23: 46659 | E23: 621 | F23: 481
B25: Fuente: INEGI. Estadísticas de mortalidad.
B27: Cuadro 2
B28: Puebla: defunciones de 1 a 4 años por sexo según edad detallada, 2015-2024
C30: D1 | E30: D2 | G30: D3 | I30: D4
B31: Año | C31: Hombres | D31: Mujeres | E31: Hombres | F31: Mujeres | G31: Hombres | H31: Mujeres | I31: Hombres | J31: Mujeres
B32: 2015 | C32: 89 | D32: 72 | E32: 51 | F32: 33 | G32: 45 | H32: 20 | I32: 23 | J32: 22
B33: 2016 | C33: 79 | D33: 84 | E33: 43 | F33: 38 | G33: 35 | H33: 23 | I33: 36 | J33: 22
B34: 2017 | C34: 78 | D34: 75 | E34: 43 | F34: 40 | G34: 30 | H34: 27 | I34: 34 | J34: 19
B35: 2018 | C35: 67 | D35: 62 | E35: 34 | F35: 34 | G35: 39 | H35: 17 | I35: 22 | J35: 17
B36: 2019 | C36: 75 | D36: 72 | E36: 36 | F36: 36 | G36: 28 | H36: 18 | I36: 20 | J36: 23
B37: 2020 | C37: 55 | D37: 59 | E37: 25 | F37: 31 | G37: 24 | H37: 18 | I37: 22 | J37: 10
B38: 2021 | C38: 66 | D38: 74 | E38: 31 | F38: 30 | G38: 29 | H38: 22 | I38: 18 | J38: 20
B39: 2022 | C39: 85 | D39: 51 | E39: 38 | F39: 31 | G39: 25 | H39: 15 | I39: 24 | J39: 22
B40: 2023 | C40: 69 | D40: 63 | E40: 32 | F40: 39 | G40: 17 | H40: 23 | I40: 14 | J40: 20
B41: 2024 | C41: 78 | D41: 64 | E41: 24 | F41: 25 | G41: 18 | H41: 15 | I41: 27 | J41: 9
B42: Fuente: INEGI. Estadísticas de Defunciones Registradas (EDR).
B44: Promedio de APV de aquellos que murieron antes de cumplir 1 año de edad: a0 hombres = 0,2 y a0 mujeres = 0,15
B45: Para las edades 1, 2, 3 y 4 utilizar los factores de Glover: a1 = 0,41, a2 = 0,47, a3 = 0,48 y a4 = 0,48

Sheet Diagrama de Lexis
B2: a0 | E2: PUEBLA: DIAGRAMA DE LEXIS, DEFUNCIONES MASCULINAS, 2017-2024 | W2: a0 | Z2: PAÍS X: DIAGRAMA DE LEXIS, DEFUNCIONES FEMENINAS, 2017-2024
D3: Edad (en años cumplidos)
E4: 5 | P4: =O5-P5 -> 67667.21 | R4: =Q5-R5 -> 63710.9 | T4: =S5-T5 -> 61745.6 | Y4: Edad (en años cumplidos) | Z4: 5 | AK4: =AJ5-AK5 -> 66482.42 | AM4: =AL5-AM5 -> 62041.17 | AO4: =AN5-AO5 -> 61058.22
B5: 0.48 | N5: =Datos!I38*B5 -> 8.64 | O5: =N9-N8 -> 67678.73 | P5: =Datos!I39*B5 -> 11.52 | Q5: =P9-P8 -> 63717.62 | R5: =Datos!I40*B5 -> 6.72 | S5: =R9-R8 -> 61758.56 | T5: =Datos!I41*B5 -> 12.96 | U5: =T9-T8 -> 51898.11 | W5: 0.48 | AI5: =Datos!J38*W10 -> 9.6 | AJ5: =AI9-AI8 -> 66492.98 | AK5: =Datos!J39*W10 -> 10.56 | AL5: =AK9-AK8 -> 62050.77 | AM5: =Datos!J40*W10 -> 9.6 | AN5: =AM9-AM8 -> 61062.54 | AO5: =Datos!J41*W10 -> 4.32 | AP5: =AO9-AO8 -> 50618.68
N8: =Datos!I38*(1-B5) -> 9.36 | P8: =Datos!I39*(1-B5) -> 12.48 | R8: =Datos!I40*(1-B5) -> 7.28 | T8: =Datos!I41*(1-B5) -> 14.04 | AI8: =Datos!J38*(1-W10) -> 10.4 | AK8: =Datos!J39*(1-W10) -> 11.44 | AM8: =Datos!J40*(1-W10) -> 10.4 | AO8: =Datos!J41*(1-W10) -> 4.68
E9: 4 | N9: =M10-N10 -> 67688.09 | P9: =O10-P10 -> 63730.1 | R9: =Q10-R10 -> 61765.84 | T9: =S10-T10 -> 51912.15 | Z9: 4 | AI9: =AH10-AI10 -> 66503.38 | AK9: =AJ10-AK10 -> 62062.21 | AM9: =AL10-AM10 -> 61072.94 | AO9: =AN10-AO10 -> 50623.36
B10: 0.48 | L10: =Datos!G37*B10 -> 11.52 | M10: =L14-L13 -> 67702.01 | N10: =Datos!G38*B10 -> 13.92 | O10: =N14-N13 -> 63742.1 | P10: =Datos!G39*B10 -> 12 | Q10: =P14-P13 -> 61774 | R10: =Datos!G40*B10 -> 8.16 | S10: =R14-R13 -> 51920.79 | T10: =Datos!G41*B10 -> 8.64 | U10: =T14-T13 -> 57021.36 | W10: 0.48 | AG10: =Datos!H37*W10 -> 8.64 | AH10: =AG14-AG13 -> 66513.94 | AI10: =Datos!H38*W10 -> 10.56 | AJ10: =AI14-AI13 -> 62069.41 | AK10: =Datos!H39*W10 -> 7.2 | AL10: =AK14-AK13 -> 61083.98 | AM10: =Datos!H40*W10 -> 11.04 | AN10: =AM14-AM13 -> 50630.56 | AO10: =Datos!H41*W10 -> 7.2 | AP10: =AO14-AO13 -> 56283.36
L13: =Datos!G37*(1-B10) -> 12.48 | N13: =Datos!G38*(1-B10) -> 15.08 | P13: =Datos!G39*(1-B10) -> 13 | R13: =Datos!G40*(1-B10) -> 8.84 | T13: =Datos!G41*(1-B10) -> 9.36 | AG13: =Datos!H37*(1-W10) -> 9.36 | AI13: =Datos!H38*(1-W10) -> 11.44 | AK13: =Datos!H39*(1-W10) -> 7.8 | AM13: =Datos!H40*(1-W10) -> 11.96 | AO13: =Datos!H41*(1-W10) -> 7.8
E14: 3 | L14: =K15-L15 -> 67714.49 | N14: =M15-N15 -> 63757.18 | P14: =O15-P15 -> 61787 | R14: =Q15-R15 -> 51929.63 | T14: =S15-T15 -> 57030.72 | Z14: 3 | AG14: =AF15-AG15 -> 66523.3 | AI14: =AH15-AI15 -> 62080.85 | AK14: =AJ15-AK15 -> 61091.78 | AM14: =AL15-AM15 -> 50642.52 | AO14: =AN15-AO15 -> 56291.16
B15: 0.47 | J15: =Datos!E36*B15 -> 16.92 | K15: =J19-J18 -> 67726.24 | L15: =Datos!E37*B15 -> 11.75 | M15: =L19-L18 -> 63771.75 | N15: =Datos!E38*B15 -> 14.57 | O15: =N19-N18 -> 61804.86 | P15: =Datos!E39*B15 -> 17.86 | Q15: =P19-P18 -> 51944.67 | R15: =Datos!E40*B15 -> 15.04 | S15: =R19-R18 -> 57042 | T15: =Datos!E41*B15 -> 11.28 | U15: =T19-T18 -> 56321.79 | W15: 0.47 | AE15: =Datos!F36*W15 -> 16.92 | AF15: =AE19-AE18 -> 66537.87 | AG15: =Datos!F37*W15 -> 14.57 | AH15: =AG19-AG18 -> 62094.95 | AI15: =Datos!F38*W15 -> 14.1 | AJ15: =AI19-AI18 -> 61106.35 | AK15: =Datos!F39*W15 -> 14.57 | AL15: =AK19-AK18 -> 50660.85 | AM15: =Datos!F40*W15 -> 18.33 | AN15: =AM19-AM18 -> 56302.91 | AO15: =Datos!F41*W15 -> 11.75 | AP15: =AO19-AO18 -> 54488.54
J18: =Datos!E36*(1-B15) -> 19.08 | L18: =Datos!E37*(1-B15) -> 13.25 | N18: =Datos!E38*(1-B15) -> 16.43 | P18: =Datos!E39*(1-B15) -> 20.14 | R18: =Datos!E40*(1-B15) -> 16.96 | T18: =Datos!E41*(1-B15) -> 12.72 | AE18: =Datos!F36*(1-W15) -> 19.08 | AG18: =Datos!F37*(1-W15) -> 16.43 | AI18: =Datos!F38*(1-W15) -> 15.9 | AK18: =Datos!F39*(1-W15) -> 16.43 | AM18: =Datos!F40*(1-W15) -> 20.67 | AO18: =Datos!F41*(1-W15) -> 13.25
E19: 2 | J19: =I20-J20 -> 67745.32 | L19: =K20-L20 -> 63785 | N19: =M20-N20 -> 61821.29 | P19: =O20-P20 -> 51964.81 | R19: =Q20-R20 -> 57058.96 | T19: =S20-T20 -> 56334.51 | Z19: 2 | AE19: =AD20-AE20 -> 66556.95 | AG19: =AF20-AG20 -> 62111.38 | AI19: =AH20-AI20 -> 61122.25 | AK19: =AJ20-AK20 -> 50677.28 | AM19: =AL20-AM20 -> 56323.58 | AO19: =AN20-AO20 -> 54501.79
B20: 0.41 | H20: =Datos!C35*B20 -> 27.47 | I20: =H24-H23 -> 67776.07 | J20: =Datos!C36*B20 -> 30.75 | K20: =J24-J23 -> 63807.55 | L20: =Datos!C37*B20 -> 22.55 | M20: =L24-L23 -> 61848.35 | N20: =Datos!C38*B20 -> 27.06 | O20: =N24-N23 -> 51999.66 | P20: =Datos!C39*B20 -> 34.85 | Q20: =P24-P23 -> 57087.25 | R20: =Datos!C40*B20 -> 28.29 | S20: =R24-R23 -> 56366.49 | T20: =Datos!C41*B20 -> 31.98 | U20: =T24-T23 -> 53080.18 | W20: 0.41 | AC20: =Datos!D35*W20 -> 25.42 | AD20: =AC24-AC23 -> 66586.47 | AE20: =Datos!D36*W20 -> 29.52 | AF20: =AE24-AE23 -> 62135.57 | AG20: =Datos!D37*W20 -> 24.19 | AH20: =AG24-AG23 -> 61152.59 | AI20: =Datos!D38*W20 -> 30.34 | AJ20: =AI24-AI23 -> 50698.19 | AK20: =Datos!D39*W20 -> 20.91 | AL20: =AK24-AK23 -> 56349.41 | AM20: =Datos!D40*W20 -> 25.83 | AN20: =AM24-AM23 -> 54528.03 | AO20: =Datos!D41*W20 -> 26.24 | AP20: =AO24-AO23 -> 51862.49
H23: =Datos!C35*(1-B20) -> 39.53 | J23: =Datos!C36*(1-B20) -> 44.25 | L23: =Datos!C37*(1-B20) -> 32.45 | N23: =Datos!C38*(1-B20) -> 38.94 | P23: =Datos!C39*(1-B20) -> 50.15 | R23: =Datos!C40*(1-B20) -> 40.71 | T23: =Datos!C41*(1-B20) -> 46.02 | AC23: =Datos!D35*(1-W20) -> 36.58 | AE23: =Datos!D36*(1-W20) -> 42.48 | AG23: =Datos!D37*(1-W20) -> 34.81 | AI23: =Datos!D38*(1-W20) -> 43.66 | AK23: =Datos!D39*(1-W20) -> 30.09 | AM23: =Datos!D40*(1-W20) -> 37.17 | AO23: =Datos!D41*(1-W20) -> 37.76
E24: 1 | H24: =G25-H25 -> 67815.6 | J24: =I25-J25 -> 63851.8 | L24: =K25-L25 -> 61880.8 | N24: =M25-N25 -> 52038.6 | P24: =O25-P25 -> 57137.4 | R24: =Q25-R25 -> 56407.2 | T24: =S25-T25 -> 53126.2 | Z24: 1 | AC24: =AB25-AC25 -> 66623.05 | AE24: =AD25-AE25 -> 62178.05 | AG24: =AF25-AG25 -> 61187.4 | AI24: =AH25-AI25 -> 50741.85 | AK24: =AJ25-AK25 -> 56379.5 | AM24: =AL25-AM25 -> 54565.2 | AO24: =AN25-AO25 -> 51900.25
B25: 0.2 | F25: =Datos!E16*B25 -> 208.8 | G25: =F29-F28 -> 68002.8 | H25: =Datos!E17*B25 -> 187.2 | I25: =H29-H28 -> 64039.2 | J25: =Datos!E18*B25 -> 187.4 | K25: =J29-J28 -> 62051.4 | L25: =Datos!E19*B25 -> 170.6 | M25: =L29-L28 -> 52182.6 | N25: =Datos!E20*B25 -> 144 | O25: =N29-N28 -> 57286 | P25: =Datos!E21*B25 -> 148.6 | Q25: =P29-P28 -> 56558.6 | R25: =Datos!E22*B25 -> 151.4 | S25: =R29-R28 -> 53250.4 | T25: =Datos!E23*B25 -> 124.2 | U25: =T29-T28 -> 47487.2 | W25: 0.15 | AA25: =Datos!F16*W25 -> 123.45 | AB25: =AA29-AA28 -> 66733.45 | AC25: =Datos!F17*W25 -> 110.4 | AD25: =AC29-AC28 -> 62281.4 | AE25: =Datos!F18*W25 -> 103.35 | AF25: =AE29-AE28 -> 61282.35 | AG25: =Datos!F19*W25 -> 94.95 | AH25: =AG29-AG28 -> 50824.95 | AI25: =Datos!F20*W25 -> 83.1 | AJ25: =AI29-AI28 -> 56470.1 | AK25: =Datos!F21*W25 -> 90.6 | AL25: =AK29-AK28 -> 54654.6 | AM25: =Datos!F22*W25 -> 89.4 | AN25: =AM29-AM28 -> 51972.4 | AO25: =Datos!F23*W25 -> 72.15 | AP25: =AO29-AO28 -> 46250.15
E28: 0 | F28: =Datos!E16*(1-B25) -> 835.2 | H28: =Datos!E17*(1-B25) -> 748.8 | J28: =Datos!E18*(1-B25) -> 749.6 | L28: =Datos!E19*(1-B25) -> 682.4 | N28: =Datos!E20*(1-B25) -> 576 | P28: =Datos!E21*(1-B25) -> 594.4 | R28: =Datos!E22*(1-B25) -> 605.6 | T28: =Datos!E23*(1-B25) -> 496.8 | Z28: 0 | AA28: =Datos!F16*(1-W25) -> 699.55 | AC28: =Datos!F17*(1-W25) -> 625.6 | AE28: =Datos!F18*(1-W25) -> 585.65 | AG28: =Datos!F19*(1-W25) -> 538.05 | AI28: =Datos!F20*(1-W25) -> 470.9 | AK28: =Datos!F21*(1-W25) -> 513.4 | AM28: =Datos!F22*(1-W25) -> 506.6 | AO28: =Datos!F23*(1-W25) -> 408.85
F29: =Datos!C16 -> 68838 | H29: =Datos!C17 -> 64788 | J29: =Datos!C18 -> 62801 | L29: =Datos!C19 -> 52865 | N29: =Datos!C20 -> 57862 | P29: =Datos!C21 -> 57153 | R29: =Datos!C22 -> 53856 | T29: =Datos!C23 -> 47984 | AA29: =Datos!D16 -> 67433 | AC29: =Datos!D17 -> 62907 | AE29: =Datos!D18 -> 61868 | AG29: =Datos!D19 -> 51363 | AI29: =Datos!D20 -> 56941 | AK29: =Datos!D21 -> 55168 | AM29: =Datos!D22 -> 52479 | AO29: =Datos!D23 -> 46659
F30: 2017 | H30: 2018 | J30: 2019 | L30: 2020 | N30: 2021 | P30: 2022 | R30: 2023 | T30: 2024 | AA30: 2017 | AC30: 2018 | AE30: 2019 | AG30: 2020 | AI30: 2021 | AK30: 2022 | AM30: 2023 | AO30: |
F31: Año | AA31: Año

Sheet TMI
B2: Año de nacimiento | C2: TMI Cohorte | F2: Año | G2: TMI clásica | J2: Año | K2: TMI refinada
C3: Hombres | D3: Mujeres | G3: Hombres | H3: Mujeres | K3: Hombres | N3: Mujeres
B4: 2020 | C4: =(('Diagrama de Lexis'!L28+'Diagrama de Lexis'!N25)/'Diagrama de Lexis'!L29)*1000 -> 15.632271 | D4: =(('Diagrama de Lexis'!AE28+'Diagrama de Lexis'!AG25)/'Diagrama de Lexis'!AE29)*1000 -> 11.00084 | F4: 2020 | G4: =(('Diagrama de Lexis'!L28+'Diagrama de Lexis'!L25)/'Diagrama de Lexis'!L29)*1000 -> 16.135439 | H4: =(('Diagrama de Lexis'!AE28+'Diagrama de Lexis'!AE25)/'Diagrama de Lexis'!AE29)*1000 -> 11.136613 | K4: αp0 | L4: δp0 | M4: q0 | N4: αp0 | O4: δp0 | P4: q0
B5: 2021 | C5: =(('Diagrama de Lexis'!N28+'Diagrama de Lexis'!P25)/'Diagrama de Lexis'!N29)*1000 -> 12.522899 | D5: =(('Diagrama de Lexis'!AG28+'Diagrama de Lexis'!AI25)/'Diagrama de Lexis'!AG29)*1000 -> 12.093336 | F5: 2021 | G5: =(('Diagrama de Lexis'!N28+'Diagrama de Lexis'!N25)/'Diagrama de Lexis'!N29)*1000 -> 12.4434 | H5: =(('Diagrama de Lexis'!AG28+'Diagrama de Lexis'!AG25)/'Diagrama de Lexis'!AG29)*1000 -> 12.324046 | J5: 2002
B6: 2022 | C6: =(('Diagrama de Lexis'!P28+'Diagrama de Lexis'!R25)/'Diagrama de Lexis'!P29)*1000 -> 13.049184 | D6: =(('Diagrama de Lexis'!AI28+'Diagrama de Lexis'!AK25)/'Diagrama de Lexis'!AI29)*1000 -> 9.8610843 | F6: 2022 | G6: =(('Diagrama de Lexis'!P28+'Diagrama de Lexis'!P25)/'Diagrama de Lexis'!P29)*1000 -> 13.000192 | H6: =(('Diagrama de Lexis'!AI28+'Diagrama de Lexis'!AI25)/'Diagrama de Lexis'!AI29)*1000 -> 9.729369 | J6: 2003
B7: 2023 | C7: =(('Diagrama de Lexis'!R28+'Diagrama de Lexis'!T25)/'Diagrama de Lexis'!R29)*1000 -> 13.550951 | D7: =(('Diagrama de Lexis'!AK28+'Diagrama de Lexis'!AM25)/'Diagrama de Lexis'!AK29)*1000 -> 10.926624 | F7: 2023 | G7: =(('Diagrama de Lexis'!R28+'Diagrama de Lexis'!R25)/'Diagrama de Lexis'!R29)*1000 -> 14.056001 | H7: =(('Diagrama de Lexis'!AK28+'Diagrama de Lexis'!AK25)/'Diagrama de Lexis'!AK29)*1000 -> 10.948376 | J7: 2004
J8: 2005
